﻿{"cameraMode":{"drawMode":0,"name":"Shaded","section":"Shading Mode"},"sceneLighting":true,"audioPlay":false,"sceneViewState":{"showFog":true,"showMaterialUpdate":false,"showSkybox":true,"showFlares":true,"showImageEffects":true,"showParticleSystems":true},"in2DMode":false,"pivot":{"x":0.17739905416965486,"y":-7.571474552154541,"z":24.05314826965332},"rotation":{"x":0.34024229645729067,"y":-0.06340570747852326,"z":0.023001311346888543,"w":0.93791663646698},"size":17.11252784729004,"orthographic":true}